FPR,TPR
0.0,0.0
0.0,0.0003028467595396729
0.0,0.003937007874015748
0.0003028467595396729,0.003937007874015748
0.0003028467595396729,0.010599636583888553
0.0006056935190793458,0.010599636583888553
0.0006056935190793458,0.02271350696547547
0.0009085402786190188,0.02271350696547547
0.0009085402786190188,0.025439127801332527
0.0012113870381586917,0.025439127801332527
0.0012113870381586917,0.034524530587522716
0.0015142337976983646,0.034524530587522716
0.0015142337976983646,0.03785584494245912
0.0018170805572380376,0.03785584494245912
0.0018170805572380376,0.03876438522107813
0.0021199273167777106,0.03876438522107813
0.0021199273167777106,0.04845548152634767
0.0024227740763173833,0.04845548152634767
0.0024227740763173833,0.0726832222895215
0.0027256208358570565,0.0726832222895215
0.0027256208358570565,0.07692307692307693
0.0030284675953967293,0.07692307692307693
0.0030284675953967293,0.07783161720169594
0.003331314354936402,0.07783161720169594
0.003331314354936402,0.07813446396123562
0.0036341611144760752,0.07813446396123562
0.0036341611144760752,0.08964264082374318
0.003937007874015748,0.08964264082374318
0.003937007874015748,0.09055118110236221
0.004239854633555421,0.09055118110236221
0.004239854633555421,0.10115081768625075
0.0045427013930950935,0.10115081768625075
0.0045427013930950935,0.11235614778921865
0.004845548152634767,0.11235614778921865
0.004845548152634767,0.11447607510599636
0.00514839491217444,0.11447607510599636
0.00514839491217444,0.11871592973955179
0.005451241671714113,0.11871592973955179
0.005451241671714113,0.11932162325863113
0.005754088431253785,0.11932162325863113
0.005754088431253785,0.1220472440944882
0.0060569351907934586,0.1220472440944882
0.0060569351907934586,0.1408237431859479
0.006359781950333132,0.1408237431859479
0.006359781950333132,0.14264082374318596
0.006662628709872804,0.14264082374318596
0.006662628709872804,0.14627498485766202
0.006965475469412477,0.14627498485766202
0.006965475469412477,0.14748637189582073
0.007571168988491823,0.14748637189582073
0.007571168988491823,0.15475469412477286
0.007874015748031496,0.15475469412477286
0.007874015748031496,0.15869170199878863
0.00817686250757117,0.15869170199878863
0.00817686250757117,0.16020593579648698
0.008782556026650516,0.16020593579648698
0.008782556026650516,0.16050878255602666
0.009085402786190187,0.16050878255602666
0.009085402786190187,0.16323440339188372
0.00938824954572986,0.16323440339188372
0.00938824954572986,0.16414294367050272
0.009691096305269533,0.16414294367050272
0.009691096305269533,0.1665657177468201
0.009993943064809207,0.1665657177468201
0.009993943064809207,0.1689884918231375
0.01029678982434888,0.1689884918231375
0.01029678982434888,0.17534827377347062
0.010599636583888553,0.17534827377347062
0.010599636583888553,0.17595396729254997
0.010902483343428226,0.17595396729254997
0.010902483343428226,0.18140520896426407
0.011205330102967898,0.18140520896426407
0.011205330102967898,0.1835251362810418
0.01150817686250757,0.1835251362810418
0.01150817686250757,0.18594791035735916
0.011811023622047244,0.18594791035735916
0.011811023622047244,0.1868564506359782
0.01241671714112659,0.1868564506359782
0.01241671714112659,0.18837068443367655
0.012719563900666263,0.18837068443367655
0.012719563900666263,0.1901877649909146
0.013022410660205935,0.1901877649909146
0.013022410660205935,0.19079345850999394
0.013325257419745608,0.2038158691701999
0.013325257419745608,0.20533010296789825
0.013628104179285281,0.20533010296789825
0.013628104179285281,0.20775287704421563
0.013930950938824955,0.20775287704421563
0.013930950938824955,0.21290127195639005
0.014233797698364628,0.21290127195639005
0.014233797698364628,0.2159297395517868
0.014536644457904301,0.2159297395517868
0.014536644457904301,0.22198667474258024
0.014839491217443974,0.22198667474258024
0.014839491217443974,0.22410660205935795
0.015445184736523319,0.22410660205935795
0.015445184736523319,0.226832222895215
0.015748031496062992,0.226832222895215
0.015748031496062992,0.23228346456692914
0.016050878255602665,0.23228346456692914
0.016050878255602665,0.23258631132646881
0.01635372501514234,0.23258631132646881
0.01635372501514234,0.2359176256814052
0.01665657177468201,0.2359176256814052
0.01665657177468201,0.2383403997577226
0.016959418534221685,0.2383403997577226
0.016959418534221685,0.242580254391278
0.017262265293761358,0.242580254391278
0.017262265293761358,0.24439733494851604
0.01756511205330103,0.24439733494851604
0.01756511205330103,0.24560872198667474
0.017867958812840704,0.24560872198667474
0.017867958812840704,0.24651726226529377
0.018170805572380374,0.24651726226529377
0.018170805572380374,0.24742580254391278
0.019079345850999394,0.24742580254391278
0.019079345850999394,0.24894003634161113
0.01968503937007874,0.24894003634161113
0.01968503937007874,0.2504542701393095
0.019987886129618413,0.2504542701393095
0.019987886129618413,0.2513628104179285
0.020290732889158086,0.2513628104179285
0.020290732889158086,0.2586311326468807
0.02059357964869776,0.2586311326468807
0.02059357964869776,0.2619624470018171
0.020896426408237433,0.2619624470018171
0.020896426408237433,0.2665051483949122
0.021199273167777106,0.2665051483949122
0.021199273167777106,0.2680193821926105
0.02150211992731678,0.2680193821926105
0.02150211992731678,0.26862507571168986
0.021804966686856452,0.26862507571168986
0.021804966686856452,0.2710478497880073
0.022107813446396122,0.2710478497880073
0.022107813446396122,0.2764990914597214
0.022410660205935795,0.2764990914597214
0.022410660205935795,0.2774076317383404
0.02301635372501514,0.2774076317383404
0.02301635372501514,0.2831617201695942
0.023319200484554815,0.2831617201695942
0.023319200484554815,0.2870987280436099
0.023622047244094488,0.2870987280436099
0.023622047244094488,0.2919442761962447
0.024227740763173834,0.2919442761962447
0.024227740763173834,0.2964869775893398
0.024530587522713507,0.2964869775893398
0.024530587522713507,0.2992125984251969
0.02483343428225318,0.2992125984251969
0.02483343428225318,0.30012113870381585
0.025136281041792854,0.30012113870381585
0.025136281041792854,0.3007268322228952
0.025439127801332527,0.3007268322228952
0.025439127801332527,0.30163537250151423
0.0257419745608722,0.30163537250151423
0.0257419745608722,0.3022410660205936
0.02604482132041187,0.3022410660205936
0.02604482132041187,0.3067837674136887
0.026347668079951543,0.3067837674136887
0.026347668079951543,0.3076923076923077
0.026650514839491216,0.3076923076923077
0.026650514839491216,0.3113264688067838
0.02695336159903089,0.3113264688067838
0.02695336159903089,0.31344639612356145
0.027256208358570563,0.31344639612356145
0.027256208358570563,0.3143549364021805
0.027559055118110236,0.3143549364021805
0.027559055118110236,0.31496062992125984
0.02786190187764991,0.31496062992125984
0.02786190187764991,0.31586917019987887
0.028164748637189582,0.31586917019987887
0.028164748637189582,0.3167777104784979
0.028467595396729255,0.3167777104784979
0.028467595396729255,0.3198061780738946
0.02877044215626893,0.3198061780738946
0.02877044215626893,0.32071471835251364
0.029073288915808602,0.32071471835251364
0.029073288915808602,0.3246517262265294
0.029376135675348275,0.3246517262265294
0.029376135675348275,0.32646880678376744
0.029678982434887948,0.32646880678376744
0.029678982434887948,0.32798304058146577
0.02998182919442762,0.32798304058146577
0.02998182919442762,0.32980012113870383
0.030587522713506964,0.32980012113870383
0.030587522713506964,0.3304058146577832
0.030890369473046637,0.3304058146577832
0.030890369473046637,0.33252574197456086
0.03119321623258631,0.33252574197456086
0.03119321623258631,0.3346456692913386
0.03179890975166566,0.3346456692913386
0.03179890975166566,0.3361599030890369
0.03210175651120533,0.3361599030890369
0.03210175651120533,0.34433676559660814
0.032404603270745,0.34433676559660814
0.032404603270745,0.3452453058752271
0.03270745003028468,0.3452453058752271
0.03270745003028468,0.3455481526347668
0.033010296789824346,0.3455481526347668
0.033010296789824346,0.3513022410660206
0.03331314354936402,0.3513022410660206
0.03331314354936402,0.3540278619018776
0.03391883706844337,0.3540278619018776
0.03391883706844337,0.3543307086614173
0.03422168382798304,0.3543307086614173
0.03422168382798304,0.3588734100545124
0.034524530587522716,0.3588734100545124
0.034524530587522716,0.36281041792852814
0.034827377347062385,0.36281041792852814
0.034827377347062385,0.3643246517262265
0.03513022410660206,0.3643246517262265
0.03513022410660206,0.36856450635978194
0.03573591762568141,0.36856450635978194
0.03573591762568141,0.37038158691702
0.03603876438522108,0.37038158691702
0.03603876438522108,0.37098728043609935
0.03634161114476075,0.37098728043609935
0.03634161114476075,0.37431859479103574
0.03725015142337977,0.37431859479103574
0.03725015142337977,0.37613567534827375
0.03755299818291944,0.37613567534827375
0.03755299818291944,0.3770442156268928
0.03785584494245912,0.3770442156268928
0.03785584494245912,0.3827983040581466
0.03815869170199879,0.3827983040581466
0.03815869170199879,0.3840096910963053
0.038461538461538464,0.3840096910963053
0.038461538461538464,0.38643246517262264
0.03876438522107813,0.38643246517262264
0.03876438522107813,0.38976377952755903
0.03906723198061781,0.38976377952755903
0.03906723198061781,0.39218655360387644
0.03937007874015748,0.39218655360387644
0.03937007874015748,0.39339794064203515
0.039672925499697156,0.39339794064203515
0.039672925499697156,0.3946093276801938
0.039975772259236826,0.3946093276801938
0.039975772259236826,0.4073288915808601
0.040278619018776496,0.4073288915808601
0.040278619018776496,0.40884312537855844
0.04088431253785584,0.40884312537855844
0.04088431253785584,0.41005451241671714
0.04118715929739552,0.41005451241671714
0.04118715929739552,0.41126589945487585
0.04149000605693519,0.41126589945487585
0.04149000605693519,0.4115687462144155
0.041792852816474865,0.4115687462144155
0.041792852816474865,0.4127801332525742
0.042095699576014535,0.4127801332525742
0.042095699576014535,0.4161114476075106
0.04239854633555421,0.4161114476075106
0.04239854633555421,0.4179285281647486
0.04270139309509388,0.4179285281647486
0.04270139309509388,0.4182313749242883
0.04300423985463356,0.4182313749242883
0.04300423985463356,0.41883706844336765
0.04330708661417323,0.41883706844336765
0.04330708661417323,0.42004845548152636
0.043609933373712904,0.42004845548152636
0.043609933373712904,0.42035130224106604
0.043912780133252574,0.42035130224106604
0.043912780133252574,0.421259842519685
0.044215626892792244,0.421259842519685
0.044215626892792244,0.4224712295578437
0.04451847365233192,0.4224712295578437
0.04451847365233192,0.42640823743185946
0.04482132041187159,0.42640823743185946
0.04482132041187159,0.4288310115081769
0.04512416717141127,0.4288310115081769
0.04512416717141127,0.42913385826771655
0.04542701393095094,0.42913385826771655
0.04542701393095094,0.4297395517867959
0.04572986069049061,0.4297395517867959
0.04572986069049061,0.43337371290127197
0.04603270745003028,0.43337371290127197
0.04603270745003028,0.436099333737129
0.04633555420956996,0.436099333737129
0.04633555420956996,0.4394306480920654
0.04663840096910963,0.4394306480920654
0.04663840096910963,0.4409448818897638
0.046941247728649306,0.4409448818897638
0.046941247728649306,0.4415505754088431
0.047244094488188976,0.4415505754088431
0.047244094488188976,0.45003028467595396
0.04754694124772865,0.45003028467595396
0.04754694124772865,0.45124167171411267
0.04784978800726832,0.45124167171411267
0.04784978800726832,0.4524530587522714
0.04815263476680799,0.4524530587522714
0.04815263476680799,0.452755905511811
0.04845548152634767,0.452755905511811
0.04845548152634767,0.4542701393095094
0.04875832828588734,0.4542701393095094
0.04875832828588734,0.4563900666262871
0.049061175045427015,0.4563900666262871
0.049061175045427015,0.46062992125984253
0.04966686856450636,0.46062992125984253
0.04966686856450636,0.4618413082980012
0.05027256208358571,0.4618413082980012
0.05027256208358571,0.4639612356147789
0.050878255602665054,0.4639612356147789
0.050878255602665054,0.4645669291338583
0.051181102362204724,0.4645669291338583
0.051181102362204724,0.46608116293155666
0.0514839491217444,0.46608116293155666
0.0514839491217444,0.46789824348879466
0.052392489400363416,0.46789824348879466
0.052392489400363416,0.46910963052695337
0.052695336159903086,0.46910963052695337
0.052695336159903086,0.47062386432465175
0.05299818291944276,0.47062386432465175
0.05299818291944276,0.4718352513628104
0.05330102967898243,0.4718352513628104
0.05330102967898243,0.47395517867958814
0.05360387643852211,0.47395517867958814
0.05360387643852211,0.48304058146577833
0.054209569957601456,0.48304058146577833
0.054209569957601456,0.4863718958207147
0.054512416717141125,0.4863718958207147
0.054512416717141125,0.48909751665657175
0.0548152634766808,0.48909751665657175
0.0548152634766808,0.49182313749242884
0.05511811023622047,0.49182313749242884
0.05511811023622047,0.4939430648092065
0.05572380375529982,0.4939430648092065
0.05572380375529982,0.4966686856450636
0.05602665051483949,0.4966686856450636
0.05602665051483949,0.49757722592368264
0.056329497274379164,0.49757722592368264
0.056329497274379164,0.5021199273167777
0.056632344033918834,0.5021199273167777
0.056632344033918834,0.5024227740763174
0.05693519079345851,0.5024227740763174
0.05693519079345851,0.5045427013930951
0.05723803755299818,0.5045427013930951
0.05723803755299818,0.5066626287098728
0.05784373107207753,0.5066626287098728
0.05784373107207753,0.5075711689884919
0.058146577831617204,0.5075711689884919
0.058146577831617204,0.5102967898243489
0.05875227135069655,0.5102967898243489
0.05875227135069655,0.5127195639006663
0.05905511811023622,0.5127195639006663
0.05905511811023622,0.5139309509388249
0.059357964869775896,0.5139309509388249
0.059357964869775896,0.5142337976983646
0.059660811629315566,0.5142337976983646
0.059660811629315566,0.5154451847365233
0.06026650514839491,0.5154451847365233
0.06026650514839491,0.5163537250151423
0.06056935190793458,0.5163537250151423
0.06056935190793458,0.5169594185342217
0.06087219866747426,0.5169594185342217
0.06087219866747426,0.5181708055723804
0.06117504542701393,0.5181708055723804
0.06117504542701393,0.5218049666868565
0.061477892186553605,0.5218049666868565
0.061477892186553605,0.5227135069654755
0.061780738946093275,0.5227135069654755
0.061780738946093275,0.5230163537250151
0.06208358570563295,0.5230163537250151
0.06208358570563295,0.5251362810417929
0.06299212598425197,0.5251362810417929
0.06299212598425197,0.5266505148394912
0.06329497274379164,0.5266505148394912
0.06329497274379164,0.5278619018776499
0.06359781950333132,0.5278619018776499
0.06359781950333132,0.5311932162325863
0.06420351302241066,0.5311932162325863
0.06420351302241066,0.531496062992126
0.06450635978195034,0.531496062992126
0.06450635978195034,0.5336159903089037
0.06511205330102968,0.5336159903089037
0.06511205330102968,0.5339188370684433
0.06602059357964869,0.5339188370684433
0.06602059357964869,0.5348273773470624
0.06662628709872805,0.5348273773470624
0.06662628709872805,0.5354330708661418
0.06692913385826772,0.5354330708661418
0.06692913385826772,0.5357359176256814
0.06723198061780739,0.5357359176256814
0.06723198061780739,0.5384615384615384
0.06753482737734706,0.5384615384615384
0.06753482737734706,0.5387643852210782
0.06783767413688674,0.5387643852210782
0.06783767413688674,0.5396729254996971
0.0681405208964264,0.5396729254996971
0.0681405208964264,0.5405814657783161
0.06844336765596608,0.5405814657783161
0.06844336765596608,0.5408843125378558
0.06874621441550575,0.5408843125378558
0.06874621441550575,0.5411871592973955
0.06904906117504543,0.5411871592973955
0.06904906117504543,0.5436099333737129
0.0693519079345851,0.5436099333737129
0.0693519079345851,0.5439127801332526
0.06965475469412477,0.5439127801332526
0.06965475469412477,0.544518473652332
0.06995760145366445,0.544518473652332
0.06995760145366445,0.5463355542095699
0.07086614173228346,0.5463355542095699
0.07086614173228346,0.5466384009691097
0.07147183525136282,0.5466384009691097
0.07147183525136282,0.5478497880072684
0.07177468201090248,0.5478497880072684
0.07177468201090248,0.548152634766808
0.07207752877044216,0.548152634766808
0.07207752877044216,0.5493640218049667
0.07238037552998183,0.5493640218049667
0.07238037552998183,0.5511811023622047
0.0726832222895215,0.5511811023622047
0.0726832222895215,0.5526953361599031
0.07298606904906117,0.5526953361599031
0.07298606904906117,0.5542095699576014
0.07328891580860085,0.5542095699576014
0.07328891580860085,0.5557238037552998
0.07389460932768019,0.5557238037552998
0.07389460932768019,0.5575408843125379
0.07419745608721987,0.5575408843125379
0.07419745608721987,0.5623864324651726
0.07480314960629922,0.5623864324651726
0.07480314960629922,0.5632949727437916
0.07510599636583888,0.5632949727437916
0.07510599636583888,0.5642035130224107
0.07540884312537856,0.5642035130224107
0.07540884312537856,0.5666262870987281
0.07571168988491823,0.5666262870987281
0.07571168988491823,0.5678376741368867
0.0760145366444579,0.5678376741368867
0.0760145366444579,0.5687462144155058
0.07662023016353725,0.5687462144155058
0.07662023016353725,0.5699576014536645
0.07692307692307693,0.5699576014536645
0.07692307692307693,0.5702604482132041
0.07722592368261659,0.5702604482132041
0.07722592368261659,0.5714718352513628
0.07752877044215627,0.5714718352513628
0.07752877044215627,0.5717746820109025
0.07783161720169594,0.5717746820109025
0.07783161720169594,0.5741974560872198
0.07813446396123562,0.5741974560872198
0.07813446396123562,0.5748031496062992
0.07843731072077528,0.5748031496062992
0.07843731072077528,0.5760145366444579
0.07874015748031496,0.5760145366444579
0.07874015748031496,0.5763173834039976
0.07904300423985464,0.5763173834039976
0.07904300423985464,0.5766202301635373
0.07934585099939431,0.5766202301635373
0.07934585099939431,0.5772259236826166
0.07964869775893398,0.5772259236826166
0.07964869775893398,0.5781344639612356
0.07995154451847365,0.5781344639612356
0.07995154451847365,0.579648697758934
0.08025439127801333,0.579648697758934
0.08025439127801333,0.5802543912780134
0.08055723803755299,0.5802543912780134
0.08055723803755299,0.5826771653543307
0.08086008479709267,0.5826771653543307
0.08086008479709267,0.5854027861901878
0.08176862507571168,0.5854027861901878
0.08176862507571168,0.5863113264688068
0.08207147183525136,0.5863113264688068
0.08207147183525136,0.5869170199878861
0.08237431859479104,0.5869170199878861
0.08237431859479104,0.5890369473046638
0.08267716535433071,0.5890369473046638
0.08267716535433071,0.5899454875832829
0.08298001211387038,0.5899454875832829
0.08298001211387038,0.59267110841914
0.08328285887341005,0.59267110841914
0.08328285887341005,0.5929739551786796
0.08358570563294973,0.5929739551786796
0.08358570563294973,0.5987280436099334
0.08419139915202907,0.5987280436099334
0.08419139915202907,0.600847970926711
0.08449424591156875,0.600847970926711
0.08449424591156875,0.6020593579648698
0.08479709267110842,0.6020593579648698
0.08479709267110842,0.6032707450030285
0.08509993943064809,0.6032707450030285
0.08509993943064809,0.6044821320411872
0.08570563294972744,0.6044821320411872
0.08570563294972744,0.6059963658388855
0.08600847970926712,0.6059963658388855
0.08600847970926712,0.6062992125984252
0.08631132646880678,0.6062992125984252
0.08631132646880678,0.6078134463961236
0.08661417322834646,0.6078134463961236
0.08661417322834646,0.6093276801938219
0.08691701998788613,0.6093276801938219
0.08691701998788613,0.6096305269533616
0.08721986674742581,0.6096305269533616
0.08721986674742581,0.61114476075106
0.08752271350696547,0.61114476075106
0.08752271350696547,0.6123561477892187
0.08782556026650515,0.6123561477892187
0.08782556026650515,0.6141732283464567
0.08812840702604482,0.6141732283464567
0.08812840702604482,0.6150817686250757
0.08843125378558449,0.6150817686250757
0.08843125378558449,0.6162931556632344
0.08873410054512416,0.6162931556632344
0.08873410054512416,0.6196244700181708
0.08903694730466384,0.6196244700181708
0.08903694730466384,0.6232586311326469
0.08964264082374318,0.6232586311326469
0.08964264082374318,0.6244700181708056
0.08994548758328286,0.6244700181708056
0.08994548758328286,0.6247728649303452
0.09085402786190187,0.6247728649303452
0.09085402786190187,0.6253785584494246
0.0917625681405209,0.6253785584494246
0.0917625681405209,0.6259842519685039
0.09206541490006057,0.6259842519685039
0.09206541490006057,0.6268927922471229
0.09236826165960024,0.6268927922471229
0.09236826165960024,0.6274984857662023
0.09267110841913992,0.6274984857662023
0.09267110841913992,0.6290127195639007
0.09297395517867958,0.6290127195639007
0.09297395517867958,0.62961841308298
0.09357964869775894,0.62961841308298
0.09357964869775894,0.6308298001211387
0.09388249545729861,0.6308298001211387
0.09388249545729861,0.6317383403997577
0.09418534221683827,0.6317383403997577
0.09418534221683827,0.6323440339188371
0.09448818897637795,0.6323440339188371
0.09448818897637795,0.6344639612356148
0.09539672925499697,0.6344639612356148
0.09539672925499697,0.6347668079951545
0.09630526953361598,0.6347668079951545
0.09630526953361598,0.6350696547546941
0.09660811629315566,0.6350696547546941
0.09660811629315566,0.6353725015142337
0.09721380981223501,0.6353725015142337
0.09721380981223501,0.6362810417928528
0.09751665657177468,0.6362810417928528
0.09751665657177468,0.6368867353119322
0.09781950333131435,0.6368867353119322
0.09781950333131435,0.6374924288310115
0.09933373712901272,0.6374924288310115
0.09933373712901272,0.6377952755905512
0.0996365838885524,0.6377952755905512
0.0996365838885524,0.6402180496668686
0.09993943064809206,0.6402180496668686
0.09993943064809206,0.6420351302241066
0.10024227740763174,0.6420351302241066
0.10024227740763174,0.6429436705027256
0.10115081768625075,0.6429436705027256
0.10115081768625075,0.643549364021805
0.10145366444579043,0.643549364021805
0.10145366444579043,0.6450635978195033
0.10236220472440945,0.6450635978195033
0.10236220472440945,0.645366444579043
0.10266505148394912,0.645366444579043
0.10266505148394912,0.646274984857662
0.1029678982434888,0.646274984857662
0.1029678982434888,0.6468806783767413
0.10327074500302846,0.6468806783767413
0.10327074500302846,0.6474863718958207
0.10357359176256814,0.6474863718958207
0.10357359176256814,0.6483949121744398
0.10417928528164748,0.6483949121744398
0.10417928528164748,0.649000605693519
0.10448213204118716,0.649000605693519
0.10448213204118716,0.6493034524530588
0.10478497880072683,0.6493034524530588
0.10478497880072683,0.6508176862507571
0.10508782556026651,0.6508176862507571
0.10508782556026651,0.6523319200484555
0.10539067231980617,0.6523319200484555
0.10539067231980617,0.6532404603270745
0.10569351907934585,0.6532404603270745
0.10569351907934585,0.6544518473652332
0.1062992125984252,0.6544518473652332
0.1062992125984252,0.6556632344033919
0.10660205935796487,0.6556632344033919
0.10660205935796487,0.6559660811629315
0.1075105996365839,0.6559660811629315
0.1075105996365839,0.6571774682010902
0.10781344639612356,0.6571774682010902
0.10781344639612356,0.6586917019987886
0.10841913991520291,0.6586917019987886
0.10841913991520291,0.6608116293155664
0.10872198667474257,0.6608116293155664
0.10872198667474257,0.661114476075106
0.10932768019382193,0.661114476075106
0.10932768019382193,0.6623258631132647
0.10993337371290127,0.6623258631132647
0.10993337371290127,0.662931556632344
0.11023622047244094,0.662931556632344
0.11023622047244094,0.6641429436705028
0.1108419139915203,0.6641429436705028
0.1108419139915203,0.6650514839491217
0.11114476075105996,0.6650514839491217
0.11114476075105996,0.6680799515445185
0.11144760751059964,0.6680799515445185
0.11144760751059964,0.6686856450635978
0.11175045427013931,0.6686856450635978
0.11175045427013931,0.6689884918231375
0.11205330102967898,0.6689884918231375
0.11205330102967898,0.6692913385826772
0.11235614778921865,0.6692913385826772
0.11235614778921865,0.6714112658994549
0.11265899454875833,0.6714112658994549
0.11265899454875833,0.6747425802543913
0.112961841308298,0.6747425802543913
0.112961841308298,0.675045427013931
0.11326468806783767,0.675045427013931
0.11326468806783767,0.6756511205330104
0.11356753482737734,0.6756511205330104
0.11356753482737734,0.67595396729255
0.11387038158691702,0.67595396729255
0.11387038158691702,0.676862507571169
0.1141732283464567,0.676862507571169
0.1141732283464567,0.6783767413688674
0.11447607510599636,0.6783767413688674
0.11447607510599636,0.678679588128407
0.11477892186553604,0.678679588128407
0.11477892186553604,0.6795881284070261
0.11508176862507571,0.6795881284070261
0.11508176862507571,0.6801938219261053
0.11538461538461539,0.6801938219261053
0.11538461538461539,0.6811023622047244
0.11568746214415505,0.6811023622047244
0.11568746214415505,0.6817080557238038
0.11599030890369473,0.6817080557238038
0.11599030890369473,0.6829194427619625
0.11629315566323441,0.6829194427619625
0.11629315566323441,0.6832222895215021
0.11659600242277407,0.6832222895215021
0.11659600242277407,0.6838279830405815
0.11720169594185342,0.6838279830405815
0.11720169594185342,0.6841308298001212
0.1175045427013931,0.6841308298001212
0.1175045427013931,0.6847365233192004
0.11780738946093276,0.6847365233192004
0.11780738946093276,0.6853422168382798
0.11811023622047244,0.6853422168382798
0.11811023622047244,0.6862507571168989
0.11871592973955179,0.6862507571168989
0.11871592973955179,0.6865536038764385
0.11901877649909146,0.6865536038764385
0.11901877649909146,0.6868564506359782
0.11932162325863113,0.6868564506359782
0.11932162325863113,0.6871592973955178
0.11962447001817081,0.6871592973955178
0.11962447001817081,0.6880678376741369
0.12023016353725015,0.6880678376741369
0.12023016353725015,0.6889763779527559
0.12053301029678982,0.6889763779527559
0.12053301029678982,0.6898849182313749
0.12113870381586916,0.6898849182313749
0.12113870381586916,0.6904906117504542
0.12144155057540884,0.6904906117504542
0.12144155057540884,0.690793458509994
0.12174439733494852,0.690793458509994
0.12174439733494852,0.6917019987886129
0.1220472440944882,0.6917019987886129
0.1220472440944882,0.692610539067232
0.12235009085402786,0.692610539067232
0.12235009085402786,0.693519079345851
0.12295578437310721,0.693519079345851
0.12295578437310721,0.69442761962447
0.12356147789218655,0.69442761962447
0.12356147789218655,0.6947304663840097
0.1241671714112659,0.6947304663840097
0.1241671714112659,0.6950333131435493
0.12447001817080557,0.6950333131435493
0.12447001817080557,0.696244700181708
0.12477286493034524,0.696244700181708
0.12477286493034524,0.6965475469412478
0.12537855844942458,0.6965475469412478
0.12537855844942458,0.6968503937007874
0.12568140520896426,0.6968503937007874
0.12568140520896426,0.6974560872198667
0.12598425196850394,0.6974560872198667
0.12598425196850394,0.6980617807389461
0.1265899454875833,0.6980617807389461
0.1265899454875833,0.6998788612961842
0.12689279224712297,0.6998788612961842
0.12689279224712297,0.7035130224106602
0.12719563900666264,0.7035130224106602
0.12719563900666264,0.7038158691701999
0.1274984857662023,0.7038158691701999
0.1274984857662023,0.7041187159297395
0.12810417928528164,0.7041187159297395
0.12810417928528164,0.7044215626892792
0.12901271956390067,0.7044215626892792
0.12901271956390067,0.7059357964869776
0.12931556632344035,0.7059357964869776
0.12931556632344035,0.7071471835251363
0.12961841308298,0.7071471835251363
0.12961841308298,0.7074500302846759
0.12992125984251968,0.7074500302846759
0.12992125984251968,0.708358570563295
0.13052695336159903,0.708358570563295
0.13052695336159903,0.7089642640823743
0.1308298001211387,0.7089642640823743
0.1308298001211387,0.709267110841914
0.13113264688067838,0.709267110841914
0.13113264688067838,0.7095699576014537
0.13143549364021806,0.7095699576014537
0.13143549364021806,0.711084191399152
0.13173834039975774,0.711084191399152
0.13173834039975774,0.7122955784373107
0.13204118715929739,0.7122955784373107
0.13204118715929739,0.7125984251968503
0.13234403391883706,0.7125984251968503
0.13234403391883706,0.7141126589945488
0.13264688067837674,0.7141126589945488
0.13264688067837674,0.7147183525136281
0.1332525741974561,0.7147183525136281
0.1332525741974561,0.7153240460327075
0.13355542095699577,0.7153240460327075
0.13355542095699577,0.7156268927922471
0.1341611144760751,0.7156268927922471
0.1341611144760751,0.7165354330708661
0.13446396123561477,0.7165354330708661
0.13446396123561477,0.7168382798304058
0.13506965475469412,0.7168382798304058
0.13506965475469412,0.7180496668685645
0.1353725015142338,0.7180496668685645
0.1353725015142338,0.7183525136281042
0.13567534827377348,0.7183525136281042
0.13567534827377348,0.7186553603876439
0.1362810417928528,0.7186553603876439
0.1362810417928528,0.7192610539067232
0.13658388855239248,0.7192610539067232
0.13658388855239248,0.7198667474258026
0.13930950938824954,0.7198667474258026
0.13930950938824954,0.7207752877044216
0.13961235614778922,0.7207752877044216
0.13961235614778922,0.723198061780739
0.14021804966686857,0.723198061780739
0.14021804966686857,0.7235009085402786
0.14112658994548757,0.7235009085402786
0.14112658994548757,0.7238037552998183
0.14142943670502725,0.7238037552998183
0.14142943670502725,0.7244094488188977
0.14173228346456693,0.7244094488188977
0.14173228346456693,0.725015142337977
0.1420351302241066,0.725015142337977
0.1420351302241066,0.725923682616596
0.14264082374318596,0.725923682616596
0.14264082374318596,0.7262265293761356
0.14324651726226528,0.7262265293761356
0.14324651726226528,0.7265293761356754
0.14385221078134464,0.7265293761356754
0.14385221078134464,0.7271350696547547
0.14566929133858267,0.7271350696547547
0.14566929133858267,0.7283464566929134
0.14597213809812234,0.7283464566929134
0.14597213809812234,0.7292549969715324
0.14627498485766202,0.7292549969715324
0.14627498485766202,0.7298606904906118
0.1465778316172017,0.7298606904906118
0.1465778316172017,0.7301635372501514
0.14718352513628105,0.7301635372501514
0.14718352513628105,0.7304663840096911
0.14748637189582073,0.7304663840096911
0.14748637189582073,0.7310720775287705
0.14778921865536038,0.7310720775287705
0.14778921865536038,0.7325863113264688
0.14839491217443973,0.7325863113264688
0.14839491217443973,0.7328891580860085
0.14900060569351908,0.7328891580860085
0.14900060569351908,0.7337976983646275
0.14960629921259844,0.7337976983646275
0.14960629921259844,0.7344033918837068
0.15021199273167776,0.7344033918837068
0.15021199273167776,0.7350090854027862
0.15051483949121744,0.7350090854027862
0.15051483949121744,0.7353119321623258
0.15081768625075712,0.7353119321623258
0.15081768625075712,0.7359176256814052
0.15142337976983647,0.7359176256814052
0.15142337976983647,0.7362204724409449
0.15172622652937615,0.7362204724409449
0.15172622652937615,0.7365233192004845
0.15233192004845547,0.7365233192004845
0.15233192004845547,0.7374318594791036
0.15263476680799515,0.7374318594791036
0.15263476680799515,0.738037552998183
0.15293761356753482,0.738037552998183
0.15293761356753482,0.7383403997577226
0.1532404603270745,0.7383403997577226
0.1532404603270745,0.7395517867958813
0.15354330708661418,0.7395517867958813
0.15354330708661418,0.7401574803149606
0.15475469412477286,0.7401574803149606
0.15475469412477286,0.74076317383404
0.15505754088431253,0.74076317383404
0.15505754088431253,0.7425802543912781
0.15596608116293156,0.7425802543912781
0.15596608116293156,0.7428831011508177
0.15626892792247124,0.7428831011508177
0.15626892792247124,0.7437916414294367
0.1565717746820109,0.7437916414294367
0.1565717746820109,0.7453058752271351
0.15687462144155057,0.7453058752271351
0.15687462144155057,0.7456087219866747
0.15717746820109024,0.7456087219866747
0.15717746820109024,0.7459115687462144
0.15748031496062992,0.7459115687462144
0.15748031496062992,0.7480314960629921
0.1577831617201696,0.7480314960629921
0.1577831617201696,0.7483343428225318
0.15808600847970927,0.7483343428225318
0.15808600847970927,0.7489400363416111
0.15838885523924895,0.7489400363416111
0.15838885523924895,0.7495457298606905
0.15899454875832827,0.7495457298606905
0.15899454875832827,0.7501514233797698
0.15929739551786795,0.7501514233797698
0.15929739551786795,0.7507571168988492
0.15960024227740763,0.7507571168988492
0.15960024227740763,0.7510599636583889
0.16020593579648698,0.7510599636583889
0.16020593579648698,0.7513628104179285
0.16050878255602666,0.7513628104179285
0.16050878255602666,0.7516656571774682
0.1623258631132647,0.7516656571774682
0.1623258631132647,0.7522713506965475
0.16262870987280437,0.7522713506965475
0.16262870987280437,0.7528770442156268
0.16414294367050272,0.7528770442156268
0.16414294367050272,0.7546941247728649
0.1644457904300424,0.7546941247728649
0.1644457904300424,0.7549969715324046
0.16505148394912175,0.7549969715324046
0.16505148394912175,0.7559055118110236
0.16535433070866143,0.7559055118110236
0.16535433070866143,0.7568140520896426
0.16565717746820108,0.7568140520896426
0.16565717746820108,0.7571168988491823
0.16596002422774075,0.7571168988491823
0.16596002422774075,0.7574197456087219
0.16626287098728043,0.7574197456087219
0.16626287098728043,0.7577225923682617
0.1665657177468201,0.7577225923682617
0.1665657177468201,0.7580254391278013
0.16717141126589946,0.7580254391278013
0.16717141126589946,0.758328285887341
0.16807995154451846,0.758328285887341
0.16807995154451846,0.7601453664445791
0.16838279830405814,0.7601453664445791
0.16838279830405814,0.7604482132041187
0.16868564506359782,0.7604482132041187
0.16868564506359782,0.7607510599636584
0.1689884918231375,0.7607510599636584
0.1689884918231375,0.7610539067231981
0.16929133858267717,0.7610539067231981
0.16929133858267717,0.7613567534827377
0.17019987886129617,0.7613567534827377
0.17019987886129617,0.7616596002422774
0.1711084191399152,0.7616596002422774
0.1711084191399152,0.761962447001817
0.17141126589945488,0.761962447001817
0.17141126589945488,0.7622652937613568
0.17201695941853423,0.7622652937613568
0.17201695941853423,0.7637795275590551
0.17262265293761356,0.7637795275590551
0.17262265293761356,0.7655966081162932
0.1732283464566929,0.7655966081162932
0.1732283464566929,0.7662023016353725
0.17443973349485162,0.7662023016353725
0.17443973349485162,0.7671108419139915
0.17474258025439127,0.7671108419139915
0.17474258025439127,0.7686250757116899
0.17504542701393094,0.7686250757116899
0.17504542701393094,0.7689279224712295
0.17534827377347062,0.7689279224712295
0.17534827377347062,0.7692307692307693
0.1756511205330103,0.7692307692307693
0.1756511205330103,0.7695336159903089
0.17595396729254997,0.7695336159903089
0.17595396729254997,0.7698364627498486
0.17625681405208965,0.7698364627498486
0.17625681405208965,0.7701393095093882
0.17655966081162933,0.7701393095093882
0.17655966081162933,0.7716535433070866
0.177771047849788,0.7716535433070866
0.177771047849788,0.7719563900666263
0.17807389460932768,0.7719563900666263
0.17807389460932768,0.7722592368261659
0.17837674136886736,0.7722592368261659
0.17837674136886736,0.7725620835857057
0.17989097516656571,0.7725620835857057
0.17989097516656571,0.773167777104785
0.1801938219261054,0.773167777104785
0.1801938219261054,0.7746820109024833
0.18079951544518474,0.7746820109024833
0.18079951544518474,0.774984857662023
0.18140520896426407,0.774984857662023
0.18140520896426407,0.7755905511811023
0.18170805572380375,0.7755905511811023
0.18170805572380375,0.7764990914597214
0.1823137492428831,0.7764990914597214
0.1823137492428831,0.7780133252574197
0.18261659600242278,0.7780133252574197
0.18261659600242278,0.7789218655360388
0.18291944276196245,0.7789218655360388
0.18291944276196245,0.7792247122955784
0.1835251362810418,0.7792247122955784
0.1835251362810418,0.7804360993337371
0.18382798304058146,0.7804360993337371
0.18382798304058146,0.7807389460932768
0.18413082980012113,0.7807389460932768
0.18413082980012113,0.7813446396123561
0.18534221683827984,0.7813446396123561
0.18534221683827984,0.7819503331314355
0.18594791035735916,0.7819503331314355
0.18594791035735916,0.7822531798909752
0.18746214415505755,0.7822531798909752
0.18746214415505755,0.7834645669291339
0.18776499091459722,0.7834645669291339
0.18776499091459722,0.7837674136886735
0.18806783767413687,0.7837674136886735
0.18806783767413687,0.7840702604482132
0.18927922471229558,0.7840702604482132
0.18927922471229558,0.7849788007268322
0.18988491823137493,0.7849788007268322
0.18988491823137493,0.7864930345245306
0.19049061175045426,0.7864930345245306
0.19049061175045426,0.7870987280436099
0.1910963052695336,0.7870987280436099
0.1910963052695336,0.7874015748031497
0.1913991520290733,0.7874015748031497
0.1913991520290733,0.788007268322229
0.19200484554815264,0.788007268322229
0.19200484554815264,0.7883101150817686
0.19442761962447003,0.7883101150817686
0.19442761962447003,0.788915808600848
0.19533615990308903,0.788915808600848
0.19533615990308903,0.7892186553603876
0.1956390066626287,0.7892186553603876
0.1956390066626287,0.7895215021199273
0.19624470018170806,0.7895215021199273
0.19624470018170806,0.789824348879467
0.19654754694124774,0.789824348879467
0.19654754694124774,0.7904300423985463
0.1968503937007874,0.7904300423985463
0.1968503937007874,0.790732889158086
0.19715324046032706,0.790732889158086
0.19715324046032706,0.791641429436705
0.19745608721986674,0.791641429436705
0.19745608721986674,0.7925499697153241
0.19775893397940641,0.7925499697153241
0.19775893397940641,0.7931556632344033
0.19866747425802544,0.7931556632344033
0.19866747425802544,0.7934585099939431
0.19897032101756512,0.7934585099939431
0.19897032101756512,0.7937613567534827
0.1992731677771048,0.7937613567534827
0.1992731677771048,0.7940642035130224
0.19957601453664445,0.7940642035130224
0.19957601453664445,0.794367050272562
0.2001817080557238,0.794367050272562
0.2001817080557238,0.7946698970321018
0.20048455481526348,0.7946698970321018
0.20048455481526348,0.7952755905511811
0.20078740157480315,0.7952755905511811
0.20078740157480315,0.7958812840702605
0.20109024833434283,0.7958812840702605
0.20109024833434283,0.7961841308298001
0.20169594185342216,0.7961841308298001
0.20169594185342216,0.7970926711084192
0.2023016353725015,0.7970926711084192
0.2023016353725015,0.7973955178679588
0.20260448213204119,0.7973955178679588
0.20260448213204119,0.7980012113870382
0.20321017565112054,0.7980012113870382
0.20321017565112054,0.7983040581465778
0.20351302241066022,0.7983040581465778
0.20351302241066022,0.7986069049061175
0.2038158691701999,0.7986069049061175
0.2038158691701999,0.7992125984251969
0.20442156268927922,0.7992125984251969
0.20442156268927922,0.7995154451847365
0.2047244094488189,0.7995154451847365
0.2047244094488189,0.8007268322228952
0.20502725620835857,0.8007268322228952
0.20502725620835857,0.8028467595396729
0.20533010296789825,0.8028467595396729
0.20533010296789825,0.8040581465778316
0.20563294972743792,0.8040581465778316
0.20563294972743792,0.8049666868564507
0.20623864324651725,0.8049666868564507
0.20623864324651725,0.8052695336159903
0.20654149000605693,0.8052695336159903
0.20654149000605693,0.8058752271350696
0.20987280436099334,0.8058752271350696
0.20987280436099334,0.8061780738946094
0.21017565112053302,0.8061780738946094
0.21017565112053302,0.806480920654149
0.2113870381586917,0.806480920654149
0.2113870381586917,0.807389460932768
0.21168988491823137,0.807389460932768
0.21168988491823137,0.8076923076923077
0.2125984251968504,0.8076923076923077
0.2125984251968504,0.8079951544518473
0.2135069654754694,0.8079951544518473
0.2135069654754694,0.8089036947304664
0.21380981223500908,0.8089036947304664
0.21380981223500908,0.8101150817686251
0.21411265899454876,0.8101150817686251
0.21411265899454876,0.8107207752877045
0.2147183525136281,0.8107207752877045
0.2147183525136281,0.8116293155663235
0.21532404603270744,0.8116293155663235
0.21532404603270744,0.8125378558449424
0.21562689279224712,0.8125378558449424
0.21562689279224712,0.8128407026044822
0.2159297395517868,0.8128407026044822
0.2159297395517868,0.8140520896426409
0.21653543307086615,0.8140520896426409
0.21653543307086615,0.8143549364021805
0.21683827983040582,0.8143549364021805
0.21683827983040582,0.8146577831617202
0.2180496668685645,0.8146577831617202
0.2180496668685645,0.8149606299212598
0.21865536038764385,0.8149606299212598
0.21865536038764385,0.8155663234403392
0.2192610539067232,0.8155663234403392
0.2192610539067232,0.8158691701998788
0.21956390066626288,0.8158691701998788
0.21956390066626288,0.8164748637189582
0.22077528770442156,0.8164748637189582
0.22077528770442156,0.8167777104784979
0.22107813446396124,0.8167777104784979
0.22107813446396124,0.8170805572380375
0.2216838279830406,0.8170805572380375
0.2216838279830406,0.8173834039975773
0.22228952150211992,0.8173834039975773
0.22228952150211992,0.8179890975166566
0.22319806178073895,0.8179890975166566
0.22319806178073895,0.8182919442761962
0.2238037552998183,0.8182919442761962
0.2238037552998183,0.8192004845548153
0.22501514233797698,0.8192004845548153
0.22501514233797698,0.8195033313143549
0.22531798909751666,0.8195033313143549
0.22531798909751666,0.8198061780738947
0.225923682616596,0.8198061780738947
0.225923682616596,0.8207147183525136
0.2262265293761357,0.8207147183525136
0.2262265293761357,0.821320411871593
0.226832222895215,0.821320411871593
0.226832222895215,0.8219261053906723
0.22743791641429437,0.8219261053906723
0.22743791641429437,0.822228952150212
0.22804360993337372,0.822228952150212
0.22804360993337372,0.8228346456692913
0.22864930345245305,0.8228346456692913
0.22864930345245305,0.823137492428831
0.22895215021199272,0.823137492428831
0.22895215021199272,0.8234403391883707
0.22986069049061175,0.8234403391883707
0.22986069049061175,0.8237431859479104
0.23167777104784978,0.8237431859479104
0.23167777104784978,0.824954572986069
0.23198061780738946,0.824954572986069
0.23198061780738946,0.8258631132646881
0.23258631132646881,0.8258631132646881
0.23258631132646881,0.8261659600242277
0.2328891580860085,0.8261659600242277
0.2328891580860085,0.8270745003028468
0.2337976983646275,0.8270745003028468
0.2337976983646275,0.8276801938219261
0.23470623864324652,0.8276801938219261
0.23470623864324652,0.8279830405814658
0.23561477892186553,0.8279830405814658
0.23561477892186553,0.8285887341005451
0.2359176256814052,0.8285887341005451
0.2359176256814052,0.8304058146577832
0.23622047244094488,0.8304058146577832
0.23622047244094488,0.8316172016959419
0.23652331920048456,0.8316172016959419
0.23652331920048456,0.8319200484554815
0.23682616596002423,0.8319200484554815
0.23682616596002423,0.8322228952150212
0.2371290127195639,0.8322228952150212
0.2371290127195639,0.8334342822531798
0.23773470623864323,0.8334342822531798
0.23773470623864323,0.8343428225317989
0.2383403997577226,0.8343428225317989
0.2383403997577226,0.8346456692913385
0.23864324651726226,0.8346456692913385
0.23864324651726226,0.8355542095699576
0.23924894003634162,0.8355542095699576
0.23924894003634162,0.8358570563294972
0.23985463355542097,0.8358570563294972
0.23985463355542097,0.8367655966081163
0.24015748031496062,0.8367655966081163
0.24015748031496062,0.837068443367656
0.2404603270745003,0.837068443367656
0.2404603270745003,0.8385826771653543
0.24076317383403997,0.8385826771653543
0.24076317383403997,0.8394912174439734
0.24136886735311933,0.8394912174439734
0.24136886735311933,0.839794064203513
0.241671714112659,0.839794064203513
0.241671714112659,0.8407026044821321
0.24227740763173833,0.8407026044821321
0.24227740763173833,0.8410054512416717
0.24348879466989704,0.8410054512416717
0.24348879466989704,0.8413082980012114
0.2440944881889764,0.8413082980012114
0.2440944881889764,0.841611144760751
0.24439733494851604,0.841611144760751
0.24439733494851604,0.84251968503937
0.24591156874621442,0.84251968503937
0.24591156874621442,0.8428225317989098
0.24651726226529377,0.8428225317989098
0.24651726226529377,0.8431253785584494
0.24742580254391278,0.8431253785584494
0.24742580254391278,0.8434282253179891
0.24803149606299213,0.8434282253179891
0.24803149606299213,0.8437310720775287
0.2483343428225318,0.8437310720775287
0.2483343428225318,0.8440339188370685
0.24894003634161113,0.8440339188370685
0.24894003634161113,0.8443367655966081
0.24984857662023016,0.8443367655966081
0.24984857662023016,0.8452453058752272
0.2501514233797698,0.8452453058752272
0.2501514233797698,0.8467595396729255
0.2513628104179285,0.8467595396729255
0.2513628104179285,0.8470623864324651
0.25196850393700787,0.8470623864324651
0.25196850393700787,0.8473652331920049
0.25348273773470625,0.8473652331920049
0.25348273773470625,0.8482737734706238
0.25378558449424593,0.8482737734706238
0.25378558449424593,0.8485766202301636
0.2540884312537856,0.8485766202301636
0.2540884312537856,0.8488794669897032
0.25529981829194426,0.8488794669897032
0.25529981829194426,0.8491823137492429
0.25560266505148393,0.8491823137492429
0.25560266505148393,0.8494851605087825
0.2559055118110236,0.8494851605087825
0.2559055118110236,0.8497880072683223
0.25681405208964264,0.8497880072683223
0.25681405208964264,0.8500908540278619
0.257419745608722,0.8500908540278619
0.257419745608722,0.8506965475469412
0.25772259236826167,0.8506965475469412
0.25772259236826167,0.850999394306481
0.2586311326468807,0.850999394306481
0.2586311326468807,0.8513022410660206
0.2589339794064204,0.8513022410660206
0.2589339794064204,0.8519079345851
0.25923682616596,0.8519079345851
0.25923682616596,0.8522107813446396
0.2595396729254997,0.8522107813446396
0.2595396729254997,0.8543307086614174
0.2604482132041187,0.8543307086614174
0.2604482132041187,0.854633555420957
0.2607510599636584,0.854633555420957
0.2607510599636584,0.8549364021804967
0.26105390672319806,0.8549364021804967
0.26105390672319806,0.8552392489400363
0.26135675348273774,0.8552392489400363
0.26135675348273774,0.8555420956995761
0.26226529376135677,0.8555420956995761
0.26226529376135677,0.8558449424591157
0.2628709872804361,0.8558449424591157
0.2628709872804361,0.8561477892186553
0.2637795275590551,0.8561477892186553
0.2637795275590551,0.856450635978195
0.26438522107813445,0.856450635978195
0.26438522107813445,0.8567534827377347
0.26559660811629315,0.8567534827377347
0.26559660811629315,0.8570563294972744
0.26589945487583283,0.8570563294972744
0.26589945487583283,0.8576620230163537
0.2665051483949122,0.8576620230163537
0.2665051483949122,0.8582677165354331
0.26680799515445186,0.8582677165354331
0.26680799515445186,0.8585705632949727
0.2680193821926105,0.8585705632949727
0.2680193821926105,0.8588734100545125
0.2683222289521502,0.8588734100545125
0.2683222289521502,0.8594791035735918
0.26862507571168986,0.8594791035735918
0.26862507571168986,0.8600847970926712
0.27013930950938825,0.8600847970926712
0.27013930950938825,0.8606904906117504
0.2704421562689279,0.8606904906117504
0.2704421562689279,0.8609933373712901
0.27135069654754695,0.8609933373712901
0.27135069654754695,0.8612961841308298
0.272259236826166,0.8612961841308298
0.272259236826166,0.8615990308903695
0.2725620835857056,0.8615990308903695
0.2725620835857056,0.8619018776499091
0.27316777710478496,0.8619018776499091
0.27316777710478496,0.8622047244094488
0.27347062386432464,0.8622047244094488
0.27347062386432464,0.8625075711689885
0.274076317383404,0.8625075711689885
0.274076317383404,0.8628104179285282
0.27468201090248334,0.8628104179285282
0.27468201090248334,0.8631132646880678
0.274984857662023,0.8631132646880678
0.274984857662023,0.8634161114476075
0.27589339794064205,0.8634161114476075
0.27589339794064205,0.8652331920048455
0.2764990914597214,0.8652331920048455
0.2764990914597214,0.8655360387643852
0.27801332525741973,0.8655360387643852
0.27801332525741973,0.8661417322834646
0.27892186553603876,0.8661417322834646
0.27892186553603876,0.8664445790430042
0.27922471229557844,0.8664445790430042
0.27922471229557844,0.8667474258025439
0.28013325257419747,0.8667474258025439
0.28013325257419747,0.8670502725620836
0.28043609933373714,0.8670502725620836
0.28043609933373714,0.8673531193216233
0.2807389460932768,0.8673531193216233
0.2807389460932768,0.8679588128407026
0.2816474863718958,0.8679588128407026
0.2816474863718958,0.868564506359782
0.28225317989097515,0.868564506359782
0.28225317989097515,0.8688673531193216
0.2825560266505148,0.8688673531193216
0.2825560266505148,0.869473046638401
0.2828588734100545,0.869473046638401
0.2828588734100545,0.8700787401574803
0.2840702604482132,0.8700787401574803
0.2840702604482132,0.87038158691702
0.2843731072077529,0.87038158691702
0.2843731072077529,0.8706844336765597
0.2861901877649909,0.8706844336765597
0.2861901877649909,0.8709872804360993
0.2874015748031496,0.8709872804360993
0.2874015748031496,0.871290127195639
0.2886129618413083,0.871290127195639
0.2886129618413083,0.872198667474258
0.289824348879467,0.872198667474258
0.289824348879467,0.8725015142337977
0.2901271956390067,0.8725015142337977
0.2901271956390067,0.8728043609933374
0.291641429436705,0.8728043609933374
0.291641429436705,0.8734100545124167
0.2919442761962447,0.8734100545124167
0.2919442761962447,0.8740157480314961
0.29224712295578437,0.8740157480314961
0.29224712295578437,0.8746214415505754
0.29254996971532404,0.8746214415505754
0.29254996971532404,0.874924288310115
0.2940642035130224,0.874924288310115
0.2940642035130224,0.8755299818291944
0.2946698970321018,0.8755299818291944
0.2946698970321018,0.8761356753482737
0.2964869775893398,0.8761356753482737
0.2964869775893398,0.8764385221078135
0.29709267110841914,0.8764385221078135
0.29709267110841914,0.8767413688673531
0.29800121138703817,0.8767413688673531
0.29800121138703817,0.8770442156268928
0.29830405814657784,0.8770442156268928
0.29830405814657784,0.8776499091459722
0.29951544518473655,0.8776499091459722
0.29951544518473655,0.8782556026650515
0.3004239854633555,0.8782556026650515
0.3004239854633555,0.8785584494245912
0.3010296789824349,0.8785584494245912
0.3010296789824349,0.8788612961841308
0.3052695336159903,0.8788612961841308
0.3052695336159903,0.8791641429436705
0.30557238037553,0.8791641429436705
0.30557238037553,0.8794669897032101
0.306480920654149,0.8794669897032101
0.306480920654149,0.8800726832222895
0.3067837674136887,0.8800726832222895
0.3067837674136887,0.8803755299818292
0.30708661417322836,0.8803755299818292
0.30708661417322836,0.8809812235009086
0.30738946093276803,0.8809812235009086
0.30738946093276803,0.8812840702604482
0.3076923076923077,0.8812840702604482
0.3076923076923077,0.8815869170199879
0.30890369473046636,0.8815869170199879
0.30890369473046636,0.8818897637795275
0.30920654149000604,0.8818897637795275
0.30920654149000604,0.8821926105390673
0.3113264688067838,0.8821926105390673
0.3113264688067838,0.8827983040581466
0.3125378558449425,0.8827983040581466
0.3125378558449425,0.8837068443367656
0.3131435493640218,0.8837068443367656
0.3131435493640218,0.8840096910963052
0.3143549364021805,0.8840096910963052
0.3143549364021805,0.8846153846153846
0.3152634766807995,0.8846153846153846
0.3152634766807995,0.8849182313749243
0.3167777104784979,0.8849182313749243
0.3167777104784979,0.8852210781344639
0.3170805572380376,0.8852210781344639
0.3170805572380376,0.8858267716535433
0.3176862507571169,0.8858267716535433
0.3176862507571169,0.8864324651726226
0.3188976377952756,0.8864324651726226
0.3188976377952756,0.8867353119321624
0.31950333131435493,0.8867353119321624
0.31950333131435493,0.887038158691702
0.3198061780738946,0.887038158691702
0.3198061780738946,0.8876438522107813
0.3201090248334343,0.8876438522107813
0.3201090248334343,0.887946698970321
0.32041187159297396,0.887946698970321
0.32041187159297396,0.8882495457298607
0.32071471835251364,0.8882495457298607
0.32071471835251364,0.8885523924894003
0.32222895215021197,0.8885523924894003
0.32222895215021197,0.88885523924894
0.32374318594791035,0.88885523924894
0.32374318594791035,0.8894609327680194
0.32404603270745,0.8894609327680194
0.32404603270745,0.8900666262870988
0.3243488794669897,0.8900666262870988
0.3243488794669897,0.8903694730466384
0.32495457298606906,0.8903694730466384
0.32495457298606906,0.8906723198061781
0.32616596002422776,0.8906723198061781
0.32616596002422776,0.8909751665657177
0.3304058146577832,0.8909751665657177
0.3304058146577832,0.8912780133252575
0.33070866141732286,0.8912780133252575
0.33070866141732286,0.8915808600847971
0.33131435493640216,0.8915808600847971
0.33131435493640216,0.8924894003634161
0.3322228952150212,0.8924894003634161
0.3322228952150212,0.8927922471229558
0.33282858873410054,0.8927922471229558
0.33282858873410054,0.8933979406420351
0.33403997577225925,0.8933979406420351
0.33403997577225925,0.8937007874015748
0.33525136281041795,0.8937007874015748
0.33525136281041795,0.8940036341611145
0.3361599030890369,0.8940036341611145
0.3361599030890369,0.8943064809206541
0.3364627498485766,0.8943064809206541
0.3364627498485766,0.8946093276801939
0.33737129012719563,0.8946093276801939
0.33737129012719563,0.8949121744397335
0.337976983646275,0.8949121744397335
0.337976983646275,0.8952150211992732
0.33858267716535434,0.8952150211992732
0.33858267716535434,0.8955178679588128
0.3413082980012114,0.8955178679588128
0.3413082980012114,0.8958207147183526
0.3419139915202907,0.8958207147183526
0.3419139915202907,0.8961235614778922
0.3422168382798304,0.8961235614778922
0.3422168382798304,0.8964264082374318
0.34433676559660814,0.8964264082374318
0.34433676559660814,0.8970321017565112
0.3452453058752271,0.8970321017565112
0.3452453058752271,0.8973349485160509
0.3470623864324652,0.8973349485160509
0.3470623864324652,0.8976377952755905
0.3497880072683222,0.8976377952755905
0.3497880072683222,0.8985463355542096
0.3500908540278619,0.8985463355542096
0.3500908540278619,0.899152029073289
0.35069654754694124,0.899152029073289
0.35069654754694124,0.8994548758328286
0.35190793458509995,0.8994548758328286
0.35190793458509995,0.8997577225923683
0.3525136281041793,0.8997577225923683
0.3525136281041793,0.9003634161114477
0.35372501514233795,0.9003634161114477
0.35372501514233795,0.9006662628709873
0.3540278619018776,0.9006662628709873
0.3540278619018776,0.9015748031496063
0.354633555420957,0.9015748031496063
0.354633555420957,0.9024833434282253
0.35493640218049666,0.9024833434282253
0.35493640218049666,0.9030890369473047
0.3558449424591157,0.9030890369473047
0.3558449424591157,0.9039975772259237
0.3567534827377347,0.9039975772259237
0.3567534827377347,0.9049061175045428
0.3570563294972744,0.9049061175045428
0.3570563294972744,0.9058146577831617
0.35766202301635375,0.9058146577831617
0.35766202301635375,0.9061175045427013
0.3591762568140521,0.9061175045427013
0.3591762568140521,0.9070260448213204
0.35978195033313143,0.9070260448213204
0.35978195033313143,0.9076317383403998
0.3600847970926711,0.9076317383403998
0.3600847970926711,0.9079345850999394
0.36099333737129013,0.9079345850999394
0.36099333737129013,0.9082374318594791
0.3612961841308298,0.9082374318594791
0.3612961841308298,0.9085402786190188
0.3615990308903695,0.9085402786190188
0.3615990308903695,0.9091459721380981
0.3625075711689885,0.9091459721380981
0.3625075711689885,0.9094488188976378
0.36281041792852814,0.9094488188976378
0.36281041792852814,0.9097516656571775
0.3631132646880678,0.9097516656571775
0.3631132646880678,0.9100545124167171
0.3634161114476075,0.9100545124167171
0.3634161114476075,0.9106602059357964
0.36402180496668685,0.9106602059357964
0.36402180496668685,0.9112658994548758
0.3643246517262265,0.9112658994548758
0.3643246517262265,0.9115687462144155
0.3649303452453059,0.9115687462144155
0.3649303452453059,0.9118715929739551
0.36523319200484555,0.9118715929739551
0.36523319200484555,0.9121744397334949
0.36553603876438523,0.9121744397334949
0.36553603876438523,0.9124772864930345
0.3670502725620836,0.9124772864930345
0.3670502725620836,0.9130829800121139
0.3676559660811629,0.9130829800121139
0.3676559660811629,0.9133858267716536
0.36856450635978194,0.9133858267716536
0.36856450635978194,0.9136886735311932
0.37038158691702,0.9136886735311932
0.37038158691702,0.9139915202907329
0.3706844336765597,0.9139915202907329
0.3706844336765597,0.9142943670502726
0.37129012719563903,0.9142943670502726
0.37129012719563903,0.9145972138098122
0.3715929739551787,0.9145972138098122
0.3715929739551787,0.9149000605693519
0.37189582071471833,0.9149000605693519
0.37189582071471833,0.9152029073288915
0.372198667474258,0.9152029073288915
0.372198667474258,0.9164142943670502
0.37401574803149606,0.9164142943670502
0.37401574803149606,0.91671714112659
0.37522713506965477,0.91671714112659
0.37522713506965477,0.9170199878861296
0.37552998182919445,0.9170199878861296
0.37552998182919445,0.9173228346456693
0.3758328285887341,0.9173228346456693
0.3758328285887341,0.917625681405209
0.3770442156268928,0.917625681405209
0.3770442156268928,0.9179285281647487
0.3782556026650515,0.9179285281647487
0.3782556026650515,0.918534221683828
0.3791641429436705,0.918534221683828
0.3791641429436705,0.919442761962447
0.3794669897032102,0.919442761962447
0.3794669897032102,0.9200484554815264
0.3803755299818292,0.9200484554815264
0.3803755299818292,0.920351302241066
0.38067837674136884,0.920351302241066
0.38067837674136884,0.9206541490006057
0.3812840702604482,0.9206541490006057
0.3812840702604482,0.9212598425196851
0.3824954572986069,0.9212598425196851
0.3824954572986069,0.9215626892792247
0.3827983040581466,0.9215626892792247
0.3827983040581466,0.9218655360387644
0.38522107813446393,0.9218655360387644
0.38522107813446393,0.9224712295578438
0.3858267716535433,0.9224712295578438
0.3858267716535433,0.9227740763173834
0.3867353119321623,0.9227740763173834
0.3867353119321623,0.9230769230769231
0.387038158691702,0.9230769230769231
0.387038158691702,0.9233797698364627
0.38764385221078135,0.9233797698364627
0.38764385221078135,0.9236826165960024
0.387946698970321,0.9236826165960024
0.387946698970321,0.9239854633555421
0.3882495457298607,0.9239854633555421
0.3882495457298607,0.9242883101150817
0.38915808600847973,0.9242883101150817
0.38915808600847973,0.9248940036341611
0.39097516656571774,0.9248940036341611
0.39097516656571774,0.9254996971532404
0.39188370684433677,0.9254996971532404
0.39188370684433677,0.9258025439127802
0.39672925499697154,0.9258025439127802
0.39672925499697154,0.9261053906723198
0.3970321017565112,0.9261053906723198
0.3970321017565112,0.9264082374318595
0.3973349485160509,0.9264082374318595
0.3973349485160509,0.9267110841913991
0.39794064203513024,0.9267110841913991
0.39794064203513024,0.9276196244700182
0.3985463355542096,0.9276196244700182
0.3985463355542096,0.9279224712295578
0.3988491823137492,0.9279224712295578
0.3988491823137492,0.9282253179890975
0.3991520290732889,0.9282253179890975
0.3991520290732889,0.9288310115081768
0.401877649909146,0.9288310115081768
0.401877649909146,0.9291338582677166
0.40248334342822534,0.9291338582677166
0.40248334342822534,0.9294367050272562
0.40520896426408237,0.9294367050272562
0.40520896426408237,0.9297395517867959
0.40702604482132043,0.9297395517867959
0.40702604482132043,0.9300423985463355
0.4076317383403998,0.9300423985463355
0.4076317383403998,0.9309509388249546
0.40854027861901876,0.9309509388249546
0.40854027861901876,0.9312537855844942
0.4149000605693519,0.9312537855844942
0.4149000605693519,0.931556632344034
0.41580860084797094,0.931556632344034
0.41580860084797094,0.9318594791035736
0.4164142943670503,0.9318594791035736
0.4164142943670503,0.9321623258631133
0.4167171411265899,0.9321623258631133
0.4167171411265899,0.9327680193821926
0.41732283464566927,0.9327680193821926
0.41732283464566927,0.9330708661417323
0.4182313749242883,0.9330708661417323
0.4182313749242883,0.9333737129012719
0.41883706844336765,0.9333737129012719
0.41883706844336765,0.934282253179891
0.42035130224106604,0.934282253179891
0.42035130224106604,0.9345850999394306
0.42337976983646275,0.9345850999394306
0.42337976983646275,0.9348879466989704
0.4254996971532405,0.9348879466989704
0.4254996971532405,0.93519079345851
0.4261053906723198,0.93519079345851
0.4261053906723198,0.9354936402180497
0.4270139309509388,0.9354936402180497
0.4270139309509388,0.9360993337371291
0.4273167777104785,0.9360993337371291
0.4273167777104785,0.9364021804966687
0.4285281647486372,0.9364021804966687
0.4285281647486372,0.9367050272562084
0.4288310115081769,0.9367050272562084
0.4288310115081769,0.937007874015748
0.42913385826771655,0.937007874015748
0.42913385826771655,0.9373107207752877
0.4294367050272562,0.9373107207752877
0.4294367050272562,0.9376135675348274
0.4303452453058752,0.9376135675348274
0.4303452453058752,0.9382192610539067
0.4306480920654149,0.9382192610539067
0.4306480920654149,0.9385221078134464
0.434282253179891,0.9385221078134464
0.434282253179891,0.9388249545729861
0.43549364021804965,0.9388249545729861
0.43549364021804965,0.9391278013325257
0.4357964869775893,0.9391278013325257
0.4357964869775893,0.9394306480920654
0.43670502725620836,0.9394306480920654
0.43670502725620836,0.9397334948516051
0.43791641429436706,0.9397334948516051
0.43791641429436706,0.9400363416111448
0.4385221078134464,0.9400363416111448
0.4385221078134464,0.9403391883706844
0.4406420351302241,0.9403391883706844
0.4406420351302241,0.9406420351302242
0.4433676559660812,0.9406420351302242
0.4433676559660812,0.9409448818897638
0.4451847365233192,0.9409448818897638
0.4451847365233192,0.9415505754088431
0.4466989703210176,0.9415505754088431
0.4466989703210176,0.9421562689279225
0.44700181708055725,0.9421562689279225
0.44700181708055725,0.9424591156874621
0.4479103573591763,0.9424591156874621
0.4479103573591763,0.9427619624470018
0.4482132041187159,0.9427619624470018
0.4482132041187159,0.9430648092065415
0.44881889763779526,0.9430648092065415
0.44881889763779526,0.9436705027256208
0.4494245911568746,0.9436705027256208
0.4494245911568746,0.9439733494851605
0.45003028467595396,0.9439733494851605
0.45003028467595396,0.9442761962447002
0.45033313143549364,0.9442761962447002
0.45033313143549364,0.9445790430042399
0.450938824954573,0.9445790430042399
0.450938824954573,0.9448818897637795
0.4530587522713507,0.9448818897637795
0.4530587522713507,0.9451847365233192
0.4539672925499697,0.9451847365233192
0.4539672925499697,0.9454875832828589
0.4566929133858268,0.9454875832828589
0.4566929133858268,0.9457904300423986
0.45699576014536647,0.9457904300423986
0.45699576014536647,0.9463961235614778
0.45760145366444577,0.9463961235614778
0.45760145366444577,0.9466989703210176
0.4594185342216838,0.9466989703210176
0.4594185342216838,0.9470018170805572
0.4609327680193822,0.9470018170805572
0.4609327680193822,0.9473046638400969
0.4612356147789219,0.9473046638400969
0.4612356147789219,0.9479103573591763
0.4639612356147789,0.9479103573591763
0.4639612356147789,0.9482132041187159
0.4654754694124773,0.9482132041187159
0.4654754694124773,0.9485160508782556
0.4663840096910963,0.9485160508782556
0.4663840096910963,0.9488188976377953
0.46698970321017563,0.9488188976377953
0.46698970321017563,0.949121744397335
0.467595396729255,0.949121744397335
0.467595396729255,0.9494245911568746
0.46820109024833434,0.9494245911568746
0.46820109024833434,0.950030284675954
0.468503937007874,0.950030284675954
0.468503937007874,0.9503331314354937
0.46910963052695337,0.9503331314354937
0.46910963052695337,0.9506359781950333
0.47486371895820717,0.9506359781950333
0.47486371895820717,0.9509388249545729
0.4766807995154452,0.9509388249545729
0.4766807995154452,0.9515445184736523
0.47698364627498485,0.9515445184736523
0.47698364627498485,0.9521502119927316
0.47819503331314356,0.9521502119927316
0.47819503331314356,0.9524530587522714
0.483343428225318,0.9524530587522714
0.483343428225318,0.952755905511811
0.4875832828588734,0.952755905511811
0.4875832828588734,0.9530587522713507
0.4878861296184131,0.9530587522713507
0.4878861296184131,0.9533615990308903
0.4881889763779528,0.9533615990308903
0.4881889763779528,0.9536644457904301
0.4909145972138098,0.9536644457904301
0.4909145972138098,0.9539672925499697
0.49333737129012717,0.9539672925499697
0.49333737129012717,0.9542701393095094
0.49364021804966685,0.9542701393095094
0.49364021804966685,0.9545729860690491
0.4942459115687462,0.9545729860690491
0.4942459115687462,0.9548758328285888
0.4945487583282859,0.9548758328285888
0.4945487583282859,0.9551786795881284
0.5036341611144761,0.9551786795881284
0.5036341611144761,0.955481526347668
0.5054512416717141,0.955481526347668
0.5054512416717141,0.9557843731072078
0.5066626287098728,0.9557843731072078
0.5066626287098728,0.9560872198667474
0.5069654754694125,0.9560872198667474
0.5069654754694125,0.9563900666262871
0.5105996365838885,0.9563900666262871
0.5105996365838885,0.9566929133858267
0.5115081768625076,0.9566929133858267
0.5115081768625076,0.9569957601453665
0.5130224106602059,0.9569957601453665
0.5130224106602059,0.9572986069049061
0.5133252574197457,0.9572986069049061
0.5133252574197457,0.9576014536644458
0.5178679588128408,0.9576014536644458
0.5178679588128408,0.9579043004239854
0.5205935796486978,0.9579043004239854
0.5205935796486978,0.9585099939430648
0.5218049666868565,0.9585099939430648
0.5218049666868565,0.9591156874621442
0.5233192004845548,0.9591156874621442
0.5233192004845548,0.9594185342216839
0.5236220472440944,0.9594185342216839
0.5236220472440944,0.9597213809812235
0.5242277407631738,0.9597213809812235
0.5242277407631738,0.9600242277407631
0.5257419745608722,0.9600242277407631
0.5257419745608722,0.9603270745003029
0.526953361599031,0.9603270745003029
0.526953361599031,0.9606299212598425
0.5272562083585706,0.9606299212598425
0.5272562083585706,0.9609327680193822
0.5281647486371895,0.9609327680193822
0.5281647486371895,0.9612356147789218
0.5287704421562689,0.9612356147789218
0.5287704421562689,0.9615384615384616
0.529678982434888,0.9615384615384616
0.529678982434888,0.9618413082980012
0.5299818291944276,0.9618413082980012
0.5299818291944276,0.9621441550575409
0.5345245305875227,0.9621441550575409
0.5345245305875227,0.9624470018170805
0.536038764385221,0.9624470018170805
0.536038764385221,0.9627498485766203
0.5369473046638401,0.9627498485766203
0.5369473046638401,0.9633555420956996
0.5372501514233797,0.9633555420956996
0.5372501514233797,0.9636583888552392
0.5384615384615384,0.9636583888552392
0.5384615384615384,0.963961235614779
0.5417928528164748,0.963961235614779
0.5417928528164748,0.9642640823743186
0.5454270139309509,0.9642640823743186
0.5454270139309509,0.9645669291338582
0.5457298606904906,0.9645669291338582
0.5457298606904906,0.964869775893398
0.5548152634766808,0.964869775893398
0.5548152634766808,0.9651726226529376
0.5569351907934585,0.9651726226529376
0.5569351907934585,0.9654754694124773
0.5578437310720775,0.9654754694124773
0.5578437310720775,0.9657783161720169
0.5632949727437916,0.9657783161720169
0.5632949727437916,0.9660811629315567
0.5687462144155058,0.9660811629315567
0.5687462144155058,0.9663840096910963
0.5711689884918232,0.9663840096910963
0.5711689884918232,0.966686856450636
0.5714718352513628,0.966686856450636
0.5714718352513628,0.9669897032101756
0.5720775287704422,0.9669897032101756
0.5720775287704422,0.9678982434887947
0.5726832222895215,0.9678982434887947
0.5726832222895215,0.9682010902483343
0.5738946093276802,0.9682010902483343
0.5738946093276802,0.968503937007874
0.5754088431253785,0.968503937007874
0.5754088431253785,0.9691096305269533
0.5760145366444579,0.9691096305269533
0.5760145366444579,0.9697153240460327
0.5775287704421562,0.9697153240460327
0.5775287704421562,0.9706238643246518
0.5784373107207753,0.9706238643246518
0.5784373107207753,0.9712295578437311
0.5793458509993943,0.9712295578437311
0.5793458509993943,0.9715324046032707
0.5860084797092671,0.9715324046032707
0.5860084797092671,0.9718352513628105
0.5863113264688068,0.9718352513628105
0.5863113264688068,0.9721380981223501
0.5896426408237432,0.9721380981223501
0.5896426408237432,0.9724409448818898
0.5917625681405209,0.9724409448818898
0.5917625681405209,0.973046638400969
0.5923682616596002,0.973046638400969
0.5923682616596002,0.9733494851605088
0.59267110841914,0.9733494851605088
0.59267110841914,0.9736523319200484
0.598122350090854,0.9736523319200484
0.598122350090854,0.9739551786795881
0.6029678982434888,0.9739551786795881
0.6029678982434888,0.9742580254391278
0.6069049061175046,0.9742580254391278
0.6069049061175046,0.9745608721986675
0.6072077528770442,0.9745608721986675
0.6072077528770442,0.9751665657177468
0.6096305269533616,0.9751665657177468
0.6096305269533616,0.9760751059963658
0.6123561477892187,0.9760751059963658
0.6123561477892187,0.9763779527559056
0.6126589945487583,0.9763779527559056
0.6126589945487583,0.9766807995154452
0.6141732283464567,0.9766807995154452
0.6141732283464567,0.9769836462749849
0.6220472440944882,0.9769836462749849
0.6220472440944882,0.9772864930345245
0.6229557843731072,0.9772864930345245
0.6229557843731072,0.9775893397940641
0.6241671714112659,0.9775893397940641
0.6241671714112659,0.9778921865536039
0.6271956390066626,0.9778921865536039
0.6271956390066626,0.9781950333131435
0.6302241066020594,0.9781950333131435
0.6302241066020594,0.9784978800726832
0.6311326468806784,0.9784978800726832
0.6311326468806784,0.9788007268322229
0.6380981223500909,0.9788007268322229
0.6380981223500909,0.9791035735917626
0.6411265899454875,0.9791035735917626
0.6411265899454875,0.9794064203513022
0.6429436705027256,0.9794064203513022
0.6429436705027256,0.9797092671108419
0.6441550575408843,0.9797092671108419
0.6441550575408843,0.9800121138703816
0.6459721380981224,0.9800121138703816
0.6459721380981224,0.9803149606299213
0.6471835251362811,0.9803149606299213
0.6471835251362811,0.9806178073894609
0.6505148394912175,0.9806178073894609
0.6505148394912175,0.9809206541490006
0.6520290732889158,0.9809206541490006
0.6520290732889158,0.9812235009085403
0.658388855239249,0.9812235009085403
0.658388855239249,0.98152634766808
0.6617201695941853,0.98152634766808
0.6617201695941853,0.9821320411871592
0.6635372501514234,0.9821320411871592
0.6635372501514234,0.982434887946699
0.6641429436705028,0.982434887946699
0.6641429436705028,0.9830405814657783
0.6659600242277408,0.9830405814657783
0.6659600242277408,0.983343428225318
0.6677771047849788,0.983343428225318
0.6677771047849788,0.9836462749848577
0.6762568140520896,0.9836462749848577
0.6762568140520896,0.984251968503937
0.6795881284070261,0.984251968503937
0.6795881284070261,0.9848576620230164
0.6798909751665657,0.9848576620230164
0.6798909751665657,0.9857662023016354
0.6868564506359782,0.9857662023016354
0.6868564506359782,0.9860690490611751
0.6874621441550576,0.9860690490611751
0.6874621441550576,0.9863718958207147
0.6886735311932163,0.9863718958207147
0.6886735311932163,0.9866747425802543
0.6892792247122955,0.9866747425802543
0.6892792247122955,0.9869775893397941
0.6947304663840097,0.9869775893397941
0.6947304663840097,0.9872804360993337
0.7007874015748031,0.9872804360993337
0.7007874015748031,0.9875832828588734
0.7010902483343429,0.9875832828588734
0.7010902483343429,0.987886129618413
0.7053301029678982,0.987886129618413
0.7053301029678982,0.9881889763779528
0.7080557238037553,0.9881889763779528
0.7080557238037553,0.9884918231374924
0.709267110841914,0.9884918231374924
0.709267110841914,0.9887946698970321
0.7116898849182314,0.9887946698970321
0.7116898849182314,0.9890975166565718
0.7265293761356754,0.9890975166565718
0.7265293761356754,0.9894003634161115
0.7353119321623258,0.9894003634161115
0.7353119321623258,0.9897032101756511
0.7356147789218656,0.9897032101756511
0.7356147789218656,0.9900060569351908
0.7398546335554209,0.9900060569351908
0.7398546335554209,0.9906117504542702
0.7507571168988492,0.9906117504542702
0.7507571168988492,0.9909145972138098
0.758328285887341,0.9909145972138098
0.758328285887341,0.9912174439733494
0.75923682616596,0.9912174439733494
0.75923682616596,0.9915202907328892
0.7604482132041187,0.9915202907328892
0.7604482132041187,0.9918231374924288
0.7628709872804361,0.9918231374924288
0.7628709872804361,0.9921259842519685
0.7683222289521502,0.9921259842519685
0.7683222289521502,0.9924288310115081
0.7813446396123561,0.9924288310115081
0.7813446396123561,0.9927316777710479
0.7886129618413082,0.9927316777710479
0.7886129618413082,0.9930345245305875
0.7901271956390067,0.9930345245305875
0.7901271956390067,0.9933373712901272
0.7976983646274984,0.9933373712901272
0.7976983646274984,0.9936402180496668
0.8004239854633556,0.9936402180496668
0.8004239854633556,0.9939430648092066
0.8034524530587522,0.9939430648092066
0.8034524530587522,0.9942459115687462
0.8067837674136886,0.9942459115687462
0.8067837674136886,0.9945487583282859
0.8134463961235615,0.9945487583282859
0.8134463961235615,0.9948516050878256
0.8164748637189582,0.9948516050878256
0.8164748637189582,0.9951544518473653
0.8176862507571169,0.9951544518473653
0.8176862507571169,0.9954572986069049
0.818594791035736,0.9954572986069049
0.818594791035736,0.9957601453664445
0.8285887341005451,0.9957601453664445
0.8285887341005451,0.9960629921259843
0.8337371290127196,0.9960629921259843
0.8337371290127196,0.9963658388855239
0.8419139915202908,0.9963658388855239
0.8419139915202908,0.9966686856450636
0.8422168382798304,0.9966686856450636
0.8422168382798304,0.9969715324046032
0.8646274984857663,0.9969715324046032
0.8646274984857663,0.997274379164143
0.8673531193216233,0.997274379164143
0.8673531193216233,0.9975772259236826
0.8782556026650515,0.9975772259236826
0.8782556026650515,0.9978800726832223
0.8912780133252575,0.9978800726832223
0.8912780133252575,0.9981829194427619
0.8918837068443368,0.9981829194427619
0.8918837068443368,0.9984857662023017
0.9033918837068443,0.9984857662023017
0.9033918837068443,0.9987886129618413
0.9158086008479709,0.9987886129618413
0.9158086008479709,0.999091459721381
0.9191399152029073,0.999091459721381
0.9191399152029073,0.9993943064809206
0.9330708661417323,0.9993943064809206
0.9330708661417323,0.9996971532404604
0.9403391883706844,0.9996971532404604
0.9403391883706844,1.0
1.0,1.0
